datetime,open,high,low,close,volume
2018-01-01 05:30:00,13715.65,13715.65,13666.11,13680.0,6.303815
2018-01-01 05:33:00,13679.98,13679.98,13554.44,13568.0,33.709206
2018-01-01 05:36:00,13568.0,13575.0,13501.01,13575.0,29.645987
2018-01-01 05:39:00,13539.99,13575.0,13400.01,13515.26,30.696039
2018-01-01 05:42:00,13515.26,13568.66,13473.47,13556.15,23.260966
2018-01-01 05:45:00,13533.75,13547.73,13402.0,13440.03,19.607189
2018-01-01 05:48:00,13440.01,13461.23,13402.01,13440.01,20.950831
2018-01-01 05:51:00,13458.97,13459.0,13410.44,13440.01,11.179286
2018-01-01 05:54:00,13440.01,13500.06,13412.05,13499.77,20.096406
2018-01-01 05:57:00,13499.77,13550.87,13472.61,13521.12,26.302718
2018-01-01 06:00:00,13500.0,13545.37,13479.79,13538.73,15.967763
2018-01-01 06:03:00,13538.73,13545.37,13502.11,13529.49,12.557132
2018-01-01 06:06:00,13529.4,13529.4,13500.0,13500.0,20.888088
2018-01-01 06:09:00,13500.0,13509.98,13461.74,13499.97,18.461142
2018-01-01 06:12:00,13498.62,13498.62,13450.0,13470.41,12.029912
2018-01-01 06:15:00,13494.65,13550.87,13450.0,13550.87,34.692928
2018-01-01 06:18:00,13545.3,13690.87,13521.34,13535.0,30.523376
2018-01-01 06:21:00,13574.85,13603.76,13531.99,13548.2,23.848086
2018-01-01 06:24:00,13548.2,13584.65,13499.98,13510.0,21.704467
2018-01-01 06:27:00,13528.98,13574.05,13452.56,13529.01,30.930862
2018-01-01 06:30:00,13528.99,13571.74,13481.82,13530.98,9.865947
2018-01-01 06:33:00,13530.98,13530.98,13481.82,13510.85,17.731324
2018-01-01 06:36:00,13520.76,13520.76,13453.0,13453.0,9.125183
2018-01-01 06:39:00,13460.0,13479.0,13402.28,13469.99,24.721129
2018-01-01 06:42:00,13436.01,13479.0,13426.9,13445.63,11.09395
2018-01-01 06:45:00,13469.99,13517.78,13445.63,13492.09,17.948963
2018-01-01 06:48:00,13492.09,13578.0,13489.98,13578.0,12.827724
2018-01-01 06:51:00,13579.98,13595.89,13541.36,13586.0,19.00251
2018-01-01 06:54:00,13586.0,13586.0,13513.91,13568.27,25.832127
2018-01-01 06:57:00,13568.27,13584.98,13534.55,13560.0,12.250434
2018-01-01 07:00:00,13559.99,13559.99,13525.02,13529.84,10.926727
2018-01-01 07:03:00,13529.84,13550.68,13477.2,13520.0,16.001681
2018-01-01 07:06:00,13520.0,13521.0,13477.2,13519.97,12.808595
2018-01-01 07:09:00,13515.9,13520.3,13450.98,13450.98,17.20432
2018-01-01 07:12:00,13450.98,13475.0,13430.0,13440.01,17.427082
2018-01-01 07:15:00,13440.01,13440.01,13377.0,13380.6,27.884513
2018-01-01 07:18:00,13401.09,13440.01,13349.0,13400.0,30.109123
2018-01-01 07:21:00,13400.0,13400.0,13320.01,13325.0,17.292603
2018-01-01 07:24:00,13325.0,13325.02,13200.81,13230.42,40.42438
2018-01-01 07:27:00,13230.42,13230.47,13155.38,13203.06,33.218691
2018-01-01 07:30:00,13203.0,13344.02,13202.03,13317.34,28.000047
2018-01-01 07:33:00,13317.4,13400.0,13317.38,13400.0,25.384397
2018-01-01 07:36:00,13399.33,13399.99,13276.96,13300.0,27.281419
2018-01-01 07:39:00,13318.97,13411.76,13291.59,13350.69,18.147511
2018-01-01 07:42:00,13350.69,13398.81,13350.69,13387.0,9.729096
2018-01-01 07:45:00,13387.0,13388.0,13300.0,13341.96,12.167567
2018-01-01 07:48:00,13340.95,13340.95,13228.02,13256.44,18.595742
2018-01-01 07:51:00,13256.44,13330.37,13251.0,13330.0,21.414836
2018-01-01 07:54:00,13320.0,13330.0,13291.03,13308.0,21.350995
2018-01-01 07:57:00,13308.0,13323.97,13225.0,13225.0,21.656899
2018-01-01 08:00:00,13247.8,13297.05,13200.0,13268.92,17.51593
2018-01-01 08:03:00,13268.92,13349.99,13202.03,13294.55,40.327491
2018-01-01 08:06:00,13294.0,13304.98,13210.0,13225.73,19.097106
2018-01-01 08:09:00,13222.36,13245.2,13211.72,13226.1,10.836985
2018-01-01 08:12:00,13225.22,13340.0,13225.22,13321.08,23.941991
2018-01-01 08:15:00,13338.97,13389.0,13320.0,13381.0,37.443949
2018-01-01 08:18:00,13354.03,13418.43,13347.0,13396.07,12.592965
2018-01-01 08:21:00,13396.07,13418.41,13300.0,13300.0,23.286057
2018-01-01 08:24:00,13297.55,13325.0,13260.09,13275.0,24.479871
2018-01-01 08:27:00,13281.41,13358.0,13261.01,13330.18,15.813718
2018-01-01 08:30:00,13330.26,13374.99,13295.94,13301.0,21.907211
2018-01-01 08:33:00,13319.85,13319.85,13290.0,13318.86,11.62603
2018-01-01 08:36:00,13318.86,13350.0,13295.22,13343.53,10.144988
2018-01-01 08:39:00,13341.63,13370.0,13320.0,13370.0,21.175931
2018-01-01 08:42:00,13370.0,13450.76,13370.0,13444.99,24.165354
2018-01-01 08:45:00,13440.0,13530.0,13440.0,13528.31,38.843499
2018-01-01 08:48:00,13528.31,13534.96,13450.03,13483.7,18.687477
2018-01-01 08:51:00,13483.69,13509.98,13475.0,13505.0,16.953996
2018-01-01 08:54:00,13509.97,13611.27,13505.0,13559.0,16.457269
2018-01-01 08:57:00,13559.0,13599.99,13544.24,13562.37,21.331065
2018-01-01 09:00:00,13562.37,13588.65,13500.0,13579.98,25.89843
2018-01-01 09:03:00,13579.98,13611.01,13565.01,13587.99,20.894866
2018-01-01 09:06:00,13588.0,13594.0,13400.0,13488.66,32.670251
2018-01-01 09:09:00,13481.78,13525.0,13435.09,13525.0,15.313216
2018-01-01 09:12:00,13496.05,13529.42,13496.05,13500.0,10.842543
2018-01-01 09:15:00,13510.0,13510.0,13465.9,13485.08,20.584698
2018-01-01 09:18:00,13489.98,13498.99,13470.03,13470.08,32.289008
2018-01-01 09:21:00,13470.07,13470.08,13400.04,13449.47,29.242648
2018-01-01 09:24:00,13426.0,13449.47,13405.66,13435.89,16.317911
2018-01-01 09:27:00,13415.08,13438.65,13410.02,13410.03,14.740639
2018-01-01 09:30:00,13434.98,13483.07,13410.05,13454.0,30.353554
2018-01-01 09:33:00,13454.0,13477.48,13423.2,13424.79,14.059356
2018-01-01 09:36:00,13424.79,13455.05,13377.03,13408.99,15.120135
2018-01-01 09:39:00,13398.0,13427.48,13338.84,13338.84,16.378826
2018-01-01 09:42:00,13338.84,13379.89,13322.15,13351.71,18.847762
2018-01-01 09:45:00,13354.99,13389.98,13323.55,13335.05,32.693409
2018-01-01 09:48:00,13335.72,13382.58,13330.03,13341.48,6.679538
2018-01-01 09:51:00,13352.3,13389.99,13332.28,13389.97,9.234528
2018-01-01 09:54:00,13389.99,13449.89,13389.96,13435.0,12.708459
2018-01-01 09:57:00,13435.0,13448.0,13400.0,13430.0,9.247203
2018-01-01 10:00:00,13429.99,13460.9,13401.94,13450.0,16.038719
2018-01-01 10:03:00,13450.0,13459.95,13407.99,13457.8,12.572144
2018-01-01 10:06:00,13457.8,13477.0,13442.22,13461.99,6.665875
2018-01-01 10:09:00,13461.99,13500.0,13440.0,13500.0,11.700488
2018-01-01 10:12:00,13487.27,13550.0,13487.27,13507.41,21.966382
2018-01-01 10:15:00,13507.41,13584.94,13507.41,13579.61,16.509439
2018-01-01 10:18:00,13584.94,13588.99,13465.41,13519.96,19.925616
2018-01-01 10:21:00,13501.88,13532.23,13499.99,13532.22,9.857265
2018-01-01 10:24:00,13532.23,13584.0,13504.25,13572.74,14.033501
2018-01-01 10:27:00,13565.01,13623.29,13532.42,13601.01,46.21513
2018-01-01 10:30:00,13615.2,13677.83,13572.1,13636.37,48.997021
2018-01-01 10:33:00,13648.24,13671.43,13610.02,13640.0,31.461851
2018-01-01 10:36:00,13640.01,13667.65,13600.0,13640.53,45.699336
2018-01-01 10:39:00,13640.53,13663.99,13552.02,13552.03,33.411619
2018-01-01 10:42:00,13568.49,13645.0,13564.61,13627.14,26.36611
2018-01-01 10:45:00,13600.0,13661.83,13593.58,13632.0,29.542524
2018-01-01 10:48:00,13632.0,13699.0,13620.01,13644.33,29.882593
2018-01-01 10:51:00,13633.4,13644.33,13555.45,13581.0,10.094016
2018-01-01 10:54:00,13581.0,13614.91,13532.57,13550.02,22.222294
2018-01-01 10:57:00,13569.0,13619.97,13550.02,13618.51,11.76144
2018-01-01 11:00:00,13618.51,13629.0,13588.0,13588.0,13.963067
2018-01-01 11:03:00,13588.0,13602.67,13549.99,13549.99,14.155438
2018-01-01 11:06:00,13542.62,13550.0,13530.56,13545.0,14.872316
2018-01-01 11:09:00,13545.0,13547.0,13530.0,13531.0,17.152791
2018-01-01 11:12:00,13530.1,13589.99,13530.0,13580.01,10.379781
2018-01-01 11:15:00,13558.95,13600.0,13531.93,13559.69,9.499949
2018-01-01 11:18:00,13545.55,13559.67,13526.5,13540.0,12.402219
2018-01-01 11:21:00,13549.84,13560.0,13529.0,13541.0,8.379633
2018-01-01 11:24:00,13541.0,13559.9,13530.01,13559.9,6.77059
2018-01-01 11:27:00,13538.62,13559.9,13538.62,13558.99,7.214458
2018-01-01 11:30:00,13539.0,13550.99,13530.01,13550.89,16.064402
2018-01-01 11:33:00,13550.0,13550.94,13510.01,13510.04,12.728085
2018-01-01 11:36:00,13510.04,13571.63,13510.0,13513.77,11.579958
2018-01-01 11:39:00,13513.81,13538.96,13510.0,13510.0,7.103366
2018-01-01 11:42:00,13529.99,13539.71,13510.02,13532.32,10.902034
2018-01-01 11:45:00,13532.0,13539.79,13510.51,13539.79,19.195036
2018-01-01 11:48:00,13539.79,13590.0,13539.79,13562.2,14.446118
2018-01-01 11:51:00,13562.2,13640.0,13562.2,13640.0,24.47728
2018-01-01 11:54:00,13629.54,13697.97,13628.41,13697.97,30.800388
2018-01-01 11:57:00,13679.15,13701.13,13640.01,13687.76,10.670096
2018-01-01 12:00:00,13687.76,13687.76,13620.01,13659.97,18.085119
2018-01-01 12:03:00,13659.96,13686.99,13634.15,13659.93,10.547266
2018-01-01 12:06:00,13647.06,13699.99,13640.04,13676.0,7.685475
2018-01-01 12:09:00,13676.0,13700.0,13671.17,13695.0,7.735836
2018-01-01 12:12:00,13695.0,13750.0,13683.13,13722.47,8.203412
2018-01-01 12:15:00,13722.48,13773.9,13702.1,13715.09,8.950494
2018-01-01 12:18:00,13715.09,13735.0,13715.0,13728.44,7.073197
2018-01-01 12:21:00,13734.99,13798.99,13734.99,13790.0,12.084793
2018-01-01 12:24:00,13788.61,13799.0,13750.0,13764.11,13.527421
2018-01-01 12:27:00,13778.46,13800.0,13764.08,13780.41,13.129908
2018-01-01 12:30:00,13780.0,13780.41,13738.98,13770.0,11.627357
2018-01-01 12:33:00,13770.0,13800.0,13750.98,13774.83,18.948341
2018-01-01 12:36:00,13790.0,13818.55,13756.64,13799.99,13.567225
2018-01-01 12:39:00,13799.98,13817.53,13773.74,13809.91,12.275064
2018-01-01 12:42:00,13809.98,13812.78,13670.0,13775.0,27.620332
2018-01-01 12:45:00,13774.99,13774.99,13600.0,13709.92,21.278788
2018-01-01 12:48:00,13709.92,13742.58,13600.0,13645.01,18.181612
2018-01-01 12:51:00,13646.86,13669.97,13605.09,13626.05,8.170248
2018-01-01 12:54:00,13649.92,13775.99,13649.92,13720.0,13.210402
2018-01-01 12:57:00,13720.0,13721.9,13631.97,13698.0,13.61227
2018-01-01 13:00:00,13698.0,13775.0,13690.0,13754.03,21.68434
2018-01-01 13:03:00,13749.99,13749.99,13700.0,13700.0,19.390914
2018-01-01 13:06:00,13680.42,13700.0,13680.0,13680.0,12.070223
2018-01-01 13:09:00,13680.01,13680.02,13650.0,13669.99,13.471078
2018-01-01 13:12:00,13650.01,13669.0,13590.0,13644.95,23.160099
2018-01-01 13:15:00,13644.97,13659.97,13561.45,13609.8,11.858201
2018-01-01 13:18:00,13609.77,13650.0,13555.98,13629.94,10.723277
2018-01-01 13:21:00,13619.92,13629.86,13597.48,13611.0,5.941806
2018-01-01 13:24:00,13611.0,13628.0,13601.0,13608.99,4.955375
2018-01-01 13:27:00,13601.06,13609.0,13555.02,13570.35,10.441825
2018-01-01 13:30:00,13569.98,13569.98,13520.29,13525.38,10.573264
2018-01-01 13:33:00,13532.46,13590.76,13520.0,13590.75,13.356733
2018-01-01 13:36:00,13590.73,13597.96,13555.5,13586.82,8.137927
2018-01-01 13:39:00,13586.82,13626.87,13573.02,13600.01,17.748909
2018-01-01 13:42:00,13609.44,13665.0,13609.41,13656.23,8.725234
2018-01-01 13:45:00,13656.23,13681.01,13610.27,13681.01,15.139398
2018-01-01 13:48:00,13681.01,13735.24,13656.12,13710.0,11.292847
2018-01-01 13:51:00,13710.0,13721.01,13634.59,13674.92,7.353469
2018-01-01 13:54:00,13674.83,13685.0,13650.02,13685.0,6.571524
2018-01-01 13:57:00,13685.0,13685.0,13612.96,13632.89,18.543275
2018-01-01 14:00:00,13614.33,13649.96,13570.12,13597.97,13.640559
2018-01-01 14:03:00,13571.55,13571.55,13450.77,13499.98,23.806129
2018-01-01 14:06:00,13496.0,13561.86,13450.8,13500.0,22.2258
2018-01-01 14:09:00,13500.0,13561.55,13421.27,13468.11,19.058344
2018-01-01 14:12:00,13437.0,13468.11,13400.0,13434.71,26.036039
2018-01-01 14:15:00,13415.0,13490.74,13414.76,13490.65,9.923456
2018-01-01 14:18:00,13490.65,13500.0,13432.85,13477.02,7.699611
2018-01-01 14:21:00,13443.64,13487.6,13441.89,13485.98,5.241872
2018-01-01 14:24:00,13486.0,13486.0,13440.0,13460.7,11.962068
2018-01-01 14:27:00,13460.7,13508.69,13441.55,13499.99,14.777095
2018-01-01 14:30:00,13499.97,13533.62,13459.11,13490.0,21.957193
2018-01-01 14:33:00,13490.0,13568.98,13490.0,13568.98,11.559648
2018-01-01 14:36:00,13568.98,13568.98,13530.05,13559.0,8.297396
2018-01-01 14:39:00,13559.0,13593.15,13530.23,13584.22,6.267602
2018-01-01 14:42:00,13578.76,13599.98,13541.82,13589.83,7.745416
2018-01-01 14:45:00,13556.88,13650.0,13556.86,13639.53,16.787657
2018-01-01 14:48:00,13630.91,13630.91,13572.85,13599.99,11.174646
2018-01-01 14:51:00,13577.03,13624.99,13577.02,13610.0,6.370547
2018-01-01 14:54:00,13600.05,13610.0,13556.74,13580.74,13.431521
2018-01-01 14:57:00,13580.59,13580.59,13531.19,13549.77,7.816016
2018-01-01 15:00:00,13531.82,13558.86,13510.01,13538.98,11.462474
2018-01-01 15:03:00,13538.98,13590.0,13530.0,13579.99,10.290535
2018-01-01 15:06:00,13579.99,13610.0,13556.86,13600.0,5.276478
2018-01-01 15:09:00,13599.99,13600.0,13559.94,13582.83,6.131447
2018-01-01 15:12:00,13582.83,13609.45,13569.75,13599.99,16.976263
2018-01-01 15:15:00,13599.99,13609.68,13571.33,13578.74,3.63225
2018-01-01 15:18:00,13578.72,13603.43,13578.71,13591.0,8.019781
2018-01-01 15:21:00,13578.71,13653.25,13571.36,13634.45,17.53073
2018-01-01 15:24:00,13634.45,13670.0,13602.68,13641.85,15.800511
2018-01-01 15:27:00,13641.85,13641.85,13591.14,13616.99,6.567718
2018-01-01 15:30:00,13632.0,13657.92,13578.77,13578.77,8.564825
2018-01-01 15:33:00,13609.27,13609.27,13565.0,13580.32,9.41625
2018-01-01 15:36:00,13592.62,13624.8,13556.9,13567.21,6.252125
2018-01-01 15:39:00,13567.22,13604.57,13540.33,13556.88,17.863444
2018-01-01 15:42:00,13556.88,13603.77,13541.08,13550.0,8.33564
2018-01-01 15:45:00,13550.0,13560.98,13510.27,13547.0,11.673946
2018-01-01 15:48:00,13547.0,13560.98,13500.0,13500.0,14.105132
2018-01-01 15:51:00,13500.0,13537.9,13497.98,13513.6,8.865994
2018-01-01 15:54:00,13513.6,13558.73,13498.98,13537.51,8.234104
2018-01-01 15:57:00,13537.51,13560.98,13518.76,13549.03,4.641516
2018-01-01 16:00:00,13548.35,13559.99,13515.12,13526.36,8.646348
2018-01-01 16:03:00,13549.78,13560.0,13522.02,13559.98,10.167511
2018-01-01 16:06:00,13559.98,13559.98,13530.33,13550.96,4.514044
2018-01-01 16:09:00,13555.0,13576.93,13530.58,13568.07,7.083167
2018-01-01 16:12:00,13568.97,13603.77,13559.0,13586.51,13.588736
2018-01-01 16:15:00,13585.91,13590.88,13545.95,13568.05,2.691013
2018-01-01 16:18:00,13587.57,13587.58,13535.0,13535.0,7.07227
2018-01-01 16:21:00,13535.0,13550.0,13515.14,13549.99,5.927597
2018-01-01 16:24:00,13549.99,13580.0,13535.46,13568.16,7.161426
2018-01-01 16:27:00,13568.16,13589.89,13552.01,13570.01,4.707108
2018-01-01 16:30:00,13573.0,13589.89,13524.0,13525.06,8.159094
2018-01-01 16:33:00,13525.12,13541.42,13333.0,13349.96,31.290308
2018-01-01 16:36:00,13349.96,13402.82,13240.87,13240.9,51.688093
2018-01-01 16:39:00,13240.9,13307.31,13150.99,13167.1,80.197091
2018-01-01 16:42:00,13201.31,13270.58,13150.0,13251.76,42.985595
2018-01-01 16:45:00,13251.76,13270.58,13150.0,13154.52,42.247476
2018-01-01 16:48:00,13154.52,13173.01,13070.0,13163.66,57.829548
2018-01-01 16:51:00,13172.99,13200.0,13121.0,13145.08,30.338879
2018-01-01 16:54:00,13132.01,13167.57,13123.87,13142.57,20.429661
2018-01-01 16:57:00,13142.57,13216.99,13023.8,13079.98,37.588173
2018-01-01 17:00:00,13050.02,13159.37,13001.13,13120.98,43.314624
2018-01-01 17:03:00,13120.98,13170.1,13101.03,13130.0,37.106845
2018-01-01 17:06:00,13149.16,13225.32,13147.98,13200.0,35.45696
2018-01-01 17:09:00,13200.02,13219.12,13141.58,13173.76,23.654796
2018-01-01 17:12:00,13173.76,13192.0,13100.0,13132.0,25.325269
2018-01-01 17:15:00,13132.83,13138.0,13100.0,13130.69,17.58459
2018-01-01 17:18:00,13130.71,13173.75,13102.01,13158.03,22.477148
2018-01-01 17:21:00,13158.03,13190.4,13132.17,13188.0,23.360915
2018-01-01 17:24:00,13188.0,13210.0,13180.0,13191.0,21.682528
2018-01-01 17:27:00,13200.0,13222.86,13191.0,13220.56,12.61676
2018-01-01 17:30:00,13220.56,13267.7,13220.56,13257.0,17.352134
2018-01-01 17:33:00,13257.01,13277.0,13257.0,13260.68,9.068247
2018-01-01 17:36:00,13260.68,13290.0,13257.0,13280.0,22.300936
2018-01-01 17:39:00,13285.0,13300.0,13270.03,13300.0,4.939623
2018-01-01 17:42:00,13300.0,13300.0,13191.01,13247.41,17.859978
2018-01-01 17:45:00,13247.38,13247.38,13165.86,13168.24,8.687091
2018-01-01 17:48:00,13186.73,13190.93,13165.86,13183.01,5.26979
2018-01-01 17:51:00,13179.76,13179.76,13142.07,13142.09,15.731958
2018-01-01 17:54:00,13142.09,13168.85,13056.23,13120.0,26.667714
2018-01-01 17:57:00,13120.0,13170.21,13100.02,13146.15,10.886206
2018-01-01 18:00:00,13146.81,13239.96,13146.28,13190.28,16.549708
2018-01-01 18:03:00,13190.28,13226.0,13190.28,13190.28,12.278395
2018-01-01 18:06:00,13190.73,13245.55,13169.64,13223.0,10.670933
2018-01-01 18:09:00,13220.0,13220.0,13150.0,13159.54,10.184225
2018-01-01 18:12:00,13184.98,13222.87,13168.52,13200.01,17.055951
2018-01-01 18:15:00,13200.01,13219.98,13150.01,13150.01,8.291186
2018-01-01 18:18:00,13150.01,13199.0,13150.01,13198.99,3.957392
2018-01-01 18:21:00,13198.99,13225.0,13174.05,13219.97,13.492262
2018-01-01 18:24:00,13200.0,13220.0,13117.72,13152.0,19.162509
2018-01-01 18:27:00,13147.02,13181.73,13117.73,13172.42,10.08647
2018-01-01 18:30:00,13150.05,13200.41,13087.72,13105.88,23.365189
2018-01-01 18:33:00,13100.02,13105.88,12918.0,12932.24,42.209331
2018-01-01 18:36:00,12932.24,12940.0,12815.7,12897.73,49.753116
2018-01-01 18:39:00,12880.07,13000.0,12859.12,12950.0,47.266038
2018-01-01 18:42:00,12950.0,13057.9,12921.0,13041.03,34.517021
2018-01-01 18:45:00,13041.03,13041.05,12932.61,12999.99,25.555409
2018-01-01 18:48:00,12999.99,13048.18,12988.92,13042.7,13.673586
2018-01-01 18:51:00,13033.9,13043.98,13028.0,13042.7,7.276183
2018-01-01 18:54:00,13036.29,13056.88,12978.0,12999.99,31.046088
2018-01-01 18:57:00,12999.99,13000.0,12947.27,12977.16,12.742283
2018-01-01 19:00:00,12977.16,12990.15,12948.29,12969.98,11.646454
2018-01-01 19:03:00,12969.0,12969.0,12921.72,12930.36,13.827001
2018-01-01 19:06:00,12930.36,13036.28,12930.36,13015.29,20.767338
2018-01-01 19:09:00,13015.29,13058.98,13000.86,13058.79,14.881055
2018-01-01 19:12:00,13056.0,13104.79,13056.0,13079.97,18.181252
2018-01-01 19:15:00,13072.61,13083.03,13039.66,13039.66,12.160824
2018-01-01 19:18:00,13055.55,13055.55,12955.01,12977.99,17.286199
2018-01-01 19:21:00,12977.59,13001.76,12943.49,12954.98,21.766403
2018-01-01 19:24:00,12943.49,12999.69,12930.38,12999.0,19.436331
2018-01-01 19:27:00,12970.12,13017.02,12969.9,13017.0,14.544025
2018-01-01 19:30:00,12999.71,13035.32,12972.11,13016.93,27.313791
2018-01-01 19:33:00,13016.91,13016.93,12816.01,12830.61,39.219756
2018-01-01 19:36:00,12830.61,12899.99,12826.32,12840.84,23.90556
2018-01-01 19:39:00,12840.84,12841.0,12750.0,12750.0,77.860155
2018-01-01 19:42:00,12750.82,12940.98,12750.0,12870.12,42.110149
2018-01-01 19:45:00,12870.12,12922.43,12820.42,12884.47,35.357146
2018-01-01 19:48:00,12899.0,12922.36,12827.0,12850.0,37.467956
2018-01-01 19:51:00,12831.61,12845.72,12750.0,12791.0,40.555185
2018-01-01 19:54:00,12791.0,12820.5,12754.03,12815.0,33.803705
2018-01-01 19:57:00,12820.0,13245.0,12820.0,12927.0,36.652716
2018-01-01 20:00:00,12927.01,12953.36,12833.04,12888.19,45.33427
2018-01-01 20:03:00,12888.19,12917.5,12848.69,12881.43,17.896164
2018-01-01 20:06:00,12881.41,12953.35,12876.29,12890.18,24.622822
2018-01-01 20:09:00,12888.01,12980.0,12888.0,12953.23,16.719991
2018-01-01 20:12:00,12953.2,13026.9,12952.9,13000.01,26.745376
2018-01-01 20:15:00,13000.0,13075.94,12999.53,13060.65,40.0624
2018-01-01 20:18:00,13060.65,13075.94,12999.58,13044.8,45.15587
2018-01-01 20:21:00,13073.98,13190.0,13044.83,13177.16,30.301187
2018-01-01 20:24:00,13177.16,13221.39,13129.49,13200.0,21.987616
2018-01-01 20:27:00,13199.98,13245.0,13179.14,13211.39,29.395547
2018-01-01 20:30:00,13211.39,13231.94,13128.11,13149.93,30.388906
2018-01-01 20:33:00,13160.0,13165.0,13120.38,13150.0,14.498275
2018-01-01 20:36:00,13149.93,13221.03,13140.01,13221.03,21.777919
2018-01-01 20:39:00,13221.03,13231.07,13200.0,13213.99,15.621506
2018-01-01 20:42:00,13213.99,13224.95,13165.02,13165.78,25.310348
2018-01-01 20:45:00,13179.24,13191.87,13128.0,13149.81,24.164441
2018-01-01 20:48:00,13150.79,13180.0,13139.32,13179.99,24.690861
2018-01-01 20:51:00,13157.2,13245.55,13157.2,13245.55,16.052403
2018-01-01 20:54:00,13245.55,13330.0,13245.55,13295.0,25.870514
2018-01-01 20:57:00,13277.01,13312.79,13247.33,13312.79,24.299012
2018-01-01 21:00:00,13312.79,13320.0,13258.83,13300.0,64.283446
2018-01-01 21:03:00,13300.0,13315.97,13260.59,13294.99,21.904957
2018-01-01 21:06:00,13290.0,13294.99,13260.0,13285.97,15.433556
2018-01-01 21:09:00,13285.97,13285.97,13245.02,13259.91,17.287518
2018-01-01 21:12:00,13259.91,13270.0,13220.0,13245.0,21.182536
2018-01-01 21:15:00,13228.31,13289.97,13222.01,13269.98,16.674553
2018-01-01 21:18:00,13269.98,13302.3,13246.28,13257.59,15.161898
2018-01-01 21:21:00,13274.99,13274.99,13224.42,13253.35,11.269352
2018-01-01 21:24:00,13255.03,13281.0,13241.19,13269.25,9.339641
2018-01-01 21:27:00,13271.68,13271.68,13225.2,13247.0,11.860315
2018-01-01 21:30:00,13247.0,13247.08,13150.0,13182.03,13.604083
2018-01-01 21:33:00,13182.03,13223.9,13182.03,13204.33,13.16683
2018-01-01 21:36:00,13202.0,13204.33,13150.0,13186.21,18.588866
2018-01-01 21:39:00,13186.21,13199.97,13156.99,13186.19,19.357552
2018-01-01 21:42:00,13180.65,13200.0,13155.0,13188.0,29.042179
2018-01-01 21:45:00,13190.0,13199.99,13143.56,13166.54,17.049465
2018-01-01 21:48:00,13187.77,13187.77,13050.0,13050.0,31.761265
2018-01-01 21:51:00,13046.82,13093.88,13020.01,13041.78,19.896668
2018-01-01 21:54:00,13069.11,13095.68,13022.27,13057.91,17.982866
2018-01-01 21:57:00,13066.0,13095.45,13052.0,13066.06,8.635698
2018-01-01 22:00:00,13066.1,13100.0,13066.06,13094.57,18.303292
2018-01-01 22:03:00,13095.54,13095.98,13050.0,13050.0,17.820308
2018-01-01 22:06:00,13049.0,13049.99,12966.42,12975.0,25.151027
2018-01-01 22:09:00,12999.99,13130.36,12991.69,13080.0,16.324758
2018-01-01 22:12:00,13080.0,13149.07,13080.0,13149.07,8.482081
2018-01-01 22:15:00,13149.07,13200.0,13102.01,13168.03,23.762022
2018-01-01 22:18:00,13168.03,13186.16,13133.93,13172.29,12.131626
2018-01-01 22:21:00,13177.81,13185.97,13128.0,13132.88,20.326257
2018-01-01 22:24:00,13132.97,13166.31,13050.0,13055.88,20.195513
2018-01-01 22:27:00,13050.0,13055.89,13000.0,13018.0,15.81121
2018-01-01 22:30:00,13018.0,13081.4,13018.0,13065.81,29.805634
2018-01-01 22:33:00,13069.99,13134.14,13060.0,13126.0,6.335252
2018-01-01 22:36:00,13126.64,13143.09,13092.32,13116.39,12.578152
2018-01-01 22:39:00,13114.24,13116.39,13080.0,13100.07,5.664037
2018-01-01 22:42:00,13100.03,13129.0,13000.0,13099.0,13.414055
2018-01-01 22:45:00,13100.0,13129.0,13042.71,13118.99,10.692829
2018-01-01 22:48:00,13118.99,13160.78,13101.11,13160.78,13.012464
2018-01-01 22:51:00,13160.78,13198.98,13136.44,13174.21,17.854951
2018-01-01 22:54:00,13147.11,13166.0,13125.12,13149.59,3.569586
2018-01-01 22:57:00,13149.57,13165.99,13100.28,13140.0,12.959557
2018-01-01 23:00:00,13149.0,13149.0,13118.0,13134.91,5.452498
2018-01-01 23:03:00,13135.54,13160.23,13112.0,13145.0,8.873455
2018-01-01 23:06:00,13159.18,13165.99,13140.0,13140.0,7.054045
2018-01-01 23:09:00,13159.67,13163.85,13070.63,13085.67,16.826349
2018-01-01 23:12:00,13085.66,13087.09,13001.0,13080.1,8.374816
2018-01-01 23:15:00,13078.4,13124.98,13062.08,13124.98,7.590229
2018-01-01 23:18:00,13088.43,13100.0,13060.21,13076.82,8.61725
2018-01-01 23:21:00,13077.47,13137.96,13076.79,13095.01,14.226447
2018-01-01 23:24:00,13095.01,13119.89,13059.9,13068.07,7.955116
2018-01-01 23:27:00,13064.4,13064.4,13000.0,13022.0,17.715306
2018-01-01 23:30:00,13007.87,13029.32,12940.0,13029.32,20.243385
2018-01-01 23:33:00,13004.21,13070.39,13004.21,13056.88,8.812532
2018-01-01 23:36:00,13052.95,13100.0,13033.12,13033.23,4.705744
2018-01-01 23:39:00,13057.0,13057.0,13018.67,13033.5,7.293928
2018-01-01 23:42:00,13027.03,13057.0,13008.0,13029.72,8.286459
2018-01-01 23:45:00,13045.14,13080.0,13011.51,13072.89,8.614225
2018-01-01 23:48:00,13072.89,13156.3,13057.01,13156.3,16.333691
2018-01-01 23:51:00,13156.3,13221.99,13156.3,13200.0,31.327191
2018-01-01 23:54:00,13190.05,13250.0,13175.67,13225.47,11.280861
2018-01-01 23:57:00,13231.48,13256.28,13175.92,13180.09,28.141897
2018-01-02 00:00:00,13180.18,13200.0,13151.62,13171.99,13.343322
2018-01-02 00:03:00,13172.0,13211.17,13158.01,13189.99,8.103937
2018-01-02 00:06:00,13188.95,13200.0,13142.74,13164.92,7.630852
2018-01-02 00:09:00,13163.97,13164.92,13138.66,13160.0,8.347164
2018-01-02 00:12:00,13160.0,13195.31,13160.0,13194.99,8.991689
2018-01-02 00:15:00,13180.05,13195.51,13146.04,13161.41,5.580188
2018-01-02 00:18:00,13167.99,13191.31,13149.0,13149.0,12.98524
2018-01-02 00:21:00,13157.87,13158.89,13101.0,13105.38,9.141263
2018-01-02 00:24:00,13128.67,13140.14,13100.95,13106.61,10.334062
2018-01-02 00:27:00,13110.45,13156.54,13110.44,13135.0,14.869125
2018-01-02 00:30:00,13135.0,13182.5,13116.51,13146.02,21.51878
2018-01-02 00:33:00,13147.94,13161.57,13106.61,13110.52,5.182912
2018-01-02 00:36:00,13110.52,13173.2,13106.61,13111.1,10.031061
2018-01-02 00:39:00,13111.11,13189.26,13111.11,13160.89,9.658869
2018-01-02 00:42:00,13165.5,13186.2,13123.54,13149.69,10.430526
2018-01-02 00:45:00,13150.0,13177.33,13123.54,13152.57,8.484397
2018-01-02 00:48:00,13154.35,13172.54,13126.2,13156.68,5.965793
2018-01-02 00:51:00,13160.0,13224.65,13155.01,13223.81,20.300032
2018-01-02 00:54:00,13223.81,13238.0,13183.41,13209.0,12.251424
2018-01-02 00:57:00,13219.99,13223.8,13200.0,13200.0,10.746219
2018-01-02 01:00:00,13210.0,13223.77,13192.0,13199.98,19.625342
2018-01-02 01:03:00,13199.98,13199.99,13155.09,13171.13,13.185146
2018-01-02 01:06:00,13171.13,13210.89,13171.13,13199.99,7.672968
2018-01-02 01:09:00,13198.85,13280.0,13194.78,13280.0,14.903466
2018-01-02 01:12:00,13280.0,13280.0,13230.35,13260.31,15.922571
2018-01-02 01:15:00,13260.31,13290.65,13237.44,13237.44,18.859745
2018-01-02 01:18:00,13240.37,13240.37,13195.94,13222.98,11.140917
2018-01-02 01:21:00,13220.38,13222.98,13205.03,13222.96,19.136688
2018-01-02 01:24:00,13222.95,13222.96,13181.21,13202.0,8.565372
2018-01-02 01:27:00,13216.41,13240.37,13190.95,13240.37,8.422657
2018-01-02 01:30:00,13222.03,13299.0,13222.03,13290.0,11.706934
2018-01-02 01:33:00,13290.0,13350.0,13290.0,13320.2,43.401954
2018-01-02 01:36:00,13320.2,13352.68,13320.2,13352.68,17.410038
2018-01-02 01:39:00,13355.0,13400.0,13352.69,13399.98,37.708675
2018-01-02 01:42:00,13399.98,13440.38,13355.0,13421.03,23.374762
2018-01-02 01:45:00,13437.11,13437.11,13382.86,13419.53,10.45309
2018-01-02 01:48:00,13419.03,13448.0,13388.86,13388.86,35.86624
2018-01-02 01:51:00,13412.89,13455.0,13355.21,13386.01,24.553616
2018-01-02 01:54:00,13386.01,13400.0,13360.01,13364.8,12.352186
2018-01-02 01:57:00,13365.0,13381.84,13355.0,13380.0,15.256951
2018-01-02 02:00:00,13382.37,13472.0,13374.48,13458.36,30.522752
2018-01-02 02:03:00,13458.35,13458.35,13388.18,13430.0,23.411994
2018-01-02 02:06:00,13430.0,13450.0,13400.96,13449.97,12.255412
2018-01-02 02:09:00,13439.55,13455.0,13409.29,13443.01,16.575062
2018-01-02 02:12:00,13443.01,13466.0,13426.16,13466.0,23.08796
2018-01-02 02:15:00,13469.37,13470.04,13430.36,13440.24,9.684051
2018-01-02 02:18:00,13431.41,13440.24,13390.01,13395.29,14.894632
2018-01-02 02:21:00,13390.0,13434.8,13360.0,13395.0,19.370326
2018-01-02 02:24:00,13395.0,13423.24,13381.8,13410.09,12.416383
2018-01-02 02:27:00,13410.09,13459.98,13394.76,13399.24,17.72385
2018-01-02 02:30:00,13399.23,13435.0,13380.82,13435.0,13.656693
2018-01-02 02:33:00,13432.75,13500.0,13432.75,13496.2,30.828911
2018-01-02 02:36:00,13486.41,13551.99,13463.69,13519.99,36.887342
2018-01-02 02:39:00,13511.34,13536.67,13451.14,13500.49,13.350785
2018-01-02 02:42:00,13523.85,13550.0,13456.0,13518.46,22.863033
2018-01-02 02:45:00,13514.0,13518.46,13485.96,13486.03,19.627522
2018-01-02 02:48:00,13486.03,13508.01,13463.0,13480.13,7.943183
2018-01-02 02:51:00,13490.98,13524.13,13480.0,13518.0,17.772769
2018-01-02 02:54:00,13518.0,13527.97,13502.19,13527.97,9.956476
2018-01-02 02:57:00,13508.0,13536.0,13500.0,13516.78,9.369664
2018-01-02 03:00:00,13511.03,13580.67,13504.0,13547.69,13.932919
2018-01-02 03:03:00,13547.68,13555.91,13504.83,13523.0,23.748911
2018-01-02 03:06:00,13523.0,13527.63,13475.0,13522.99,18.424649
2018-01-02 03:09:00,13522.85,13546.34,13484.78,13513.52,15.839971
2018-01-02 03:12:00,13522.96,13522.96,13480.5,13498.03,9.373673
2018-01-02 03:15:00,13498.03,13525.0,13490.6,13510.07,9.784001
2018-01-02 03:18:00,13504.84,13545.0,13490.6,13514.28,22.831405
2018-01-02 03:21:00,13519.43,13540.0,13500.01,13535.0,7.820585
2018-01-02 03:24:00,13539.95,13544.99,13500.0,13508.59,9.382269
2018-01-02 03:27:00,13508.59,13524.64,13480.0,13481.01,13.528374
2018-01-02 03:30:00,13494.99,13505.06,13456.0,13471.27,17.047802
2018-01-02 03:33:00,13460.01,13524.64,13456.0,13460.01,21.489222
2018-01-02 03:36:00,13471.29,13518.99,13470.02,13493.0,13.673749
2018-01-02 03:39:00,13492.97,13554.98,13470.0,13506.54,21.569314
2018-01-02 03:42:00,13506.59,13593.0,13506.59,13580.0,20.370879
2018-01-02 03:45:00,13580.02,13599.7,13539.96,13547.38,18.384554
2018-01-02 03:48:00,13548.1,13581.96,13515.96,13532.07,10.45966
2018-01-02 03:51:00,13535.65,13582.08,13519.26,13540.0,10.820051
2018-01-02 03:54:00,13540.0,13556.4,13530.15,13535.02,17.589171
2018-01-02 03:57:00,13535.03,13560.0,13535.03,13537.09,9.979644
2018-01-02 04:00:00,13538.4,13559.66,13537.0,13559.63,3.140203
2018-01-02 04:03:00,13559.65,13560.0,13530.14,13535.05,16.460111
2018-01-02 04:06:00,13516.0,13535.05,13456.49,13485.71,17.838852
2018-01-02 04:09:00,13485.71,13555.36,13480.01,13494.69,13.400191
2018-01-02 04:12:00,13513.36,13550.94,13513.36,13539.9,7.835841
2018-01-02 04:15:00,13539.9,13557.95,13513.63,13538.46,13.162793
2018-01-02 04:18:00,13538.46,13567.71,13523.07,13542.25,22.225239
2018-01-02 04:21:00,13542.28,13567.55,13535.0,13546.95,13.565783
2018-01-02 04:24:00,13528.76,13546.97,13472.72,13486.73,18.404161
2018-01-02 04:27:00,13472.69,13487.01,13450.96,13452.0,15.884165
2018-01-02 04:30:00,13455.24,13500.0,13380.88,13411.78,64.067892
2018-01-02 04:33:00,13411.78,13411.78,13357.0,13385.14,22.890006
2018-01-02 04:36:00,13401.0,13459.56,13385.15,13459.56,17.103838
2018-01-02 04:39:00,13445.49,13475.17,13422.0,13434.22,12.000763
2018-01-02 04:42:00,13436.48,13450.0,13405.03,13425.15,9.549823
2018-01-02 04:45:00,13425.15,13441.44,13405.0,13415.14,29.453734
2018-01-02 04:48:00,13415.17,13439.99,13414.12,13415.0,11.133271
2018-01-02 04:51:00,13415.0,13426.33,13355.01,13398.7,11.401872
2018-01-02 04:54:00,13364.04,13402.08,13360.0,13364.02,8.036711
2018-01-02 04:57:00,13364.04,13430.0,13364.04,13415.0,8.200785
2018-01-02 05:00:00,13426.33,13435.65,13398.41,13400.0,18.746475
2018-01-02 05:03:00,13410.0,13422.55,13398.41,13401.67,10.544036
2018-01-02 05:06:00,13401.67,13417.0,13398.41,13400.65,13.795764
2018-01-02 05:09:00,13402.72,13433.0,13390.0,13426.98,10.614828
2018-01-02 05:12:00,13426.98,13500.0,13418.19,13427.48,19.096522
2018-01-02 05:15:00,13427.48,13454.47,13400.0,13419.0,19.913619
2018-01-02 05:18:00,13416.99,13447.45,13375.0,13409.98,17.072122
2018-01-02 05:21:00,13387.61,13409.98,13365.0,13404.13,20.16266
2018-01-02 05:24:00,13396.48,13419.2,13378.69,13379.67,14.460331
2018-01-02 05:27:00,13379.67,13404.52,13379.67,13380.0,6.973443
2018-01-02 05:30:00,13382.16,13458.0,13382.16,13419.11,19.955391
2018-01-02 05:33:00,13450.0,13500.05,13428.8,13466.04,18.416483
2018-01-02 05:36:00,13466.04,13539.54,13466.04,13513.84,25.284102
2018-01-02 05:39:00,13514.77,13529.76,13465.0,13499.92,16.105841
2018-01-02 05:42:00,13499.77,13519.46,13465.0,13490.42,11.365136
2018-01-02 05:45:00,13480.01,13520.98,13467.22,13520.98,11.937445
2018-01-02 05:48:00,13520.98,13541.72,13519.0,13541.72,7.399028
2018-01-02 05:51:00,13543.58,13590.11,13543.58,13580.49,11.761899
2018-01-02 05:54:00,13580.01,13615.18,13580.0,13610.0,26.2947
2018-01-02 05:57:00,13610.0,13700.04,13610.0,13700.04,25.253116
2018-01-02 06:00:00,13700.0,13800.0,13700.0,13800.0,57.01016
2018-01-02 06:03:00,13800.0,13850.0,13769.98,13798.19,48.365279
2018-01-02 06:06:00,13799.98,13822.52,13750.0,13776.14,25.3326
2018-01-02 06:09:00,13756.08,13782.65,13755.02,13782.65,20.806102
2018-01-02 06:12:00,13782.65,13799.0,13689.71,13715.0,37.549622
2018-01-02 06:15:00,13715.0,13759.99,13672.89,13738.07,32.217606
2018-01-02 06:18:00,13731.96,13770.0,13720.13,13749.83,25.40603
2018-01-02 06:21:00,13748.36,13770.0,13721.06,13762.0,12.273515
2018-01-02 06:24:00,13762.0,13769.99,13736.09,13744.4,20.209877
2018-01-02 06:27:00,13744.4,13770.0,13725.85,13750.01,13.652182
2018-01-02 06:30:00,13769.98,13773.14,13729.89,13760.0,39.379563
2018-01-02 06:33:00,13766.0,13770.0,13748.81,13753.68,15.080826
2018-01-02 06:36:00,13760.62,13770.0,13730.9,13769.99,34.01466
2018-01-02 06:39:00,13746.0,13800.0,13740.84,13753.95,33.74476
2018-01-02 06:42:00,13753.92,13768.41,13659.45,13662.13,38.135263
2018-01-02 06:45:00,13681.65,13717.52,13662.16,13692.8,23.21701
2018-01-02 06:48:00,13692.8,13701.5,13664.12,13694.0,31.02708
2018-01-02 06:51:00,13695.52,13714.88,13682.25,13714.8,9.468738
2018-01-02 06:54:00,13714.0,13714.0,13672.0,13699.99,16.834337
2018-01-02 06:57:00,13685.75,13700.0,13683.0,13686.0,8.723717
2018-01-02 07:00:00,13686.0,13698.88,13659.0,13659.0,20.373645
2018-01-02 07:03:00,13661.91,13669.99,13600.0,13634.98,21.543024
2018-01-02 07:06:00,13644.93,13672.03,13634.96,13661.37,26.340196
2018-01-02 07:09:00,13661.37,13700.0,13650.0,13689.96,37.73226
2018-01-02 07:12:00,13691.44,13700.0,13612.29,13636.41,29.904711
2018-01-02 07:15:00,13648.9,13672.02,13603.07,13648.0,23.215336
2018-01-02 07:18:00,13626.22,13660.0,13610.09,13658.36,11.844673
2018-01-02 07:21:00,13658.36,13698.24,13610.0,13665.9,29.439677
2018-01-02 07:24:00,13665.9,13702.59,13665.86,13665.88,22.523116
2018-01-02 07:27:00,13665.86,13679.22,13590.0,13600.0,44.919333
2018-01-02 07:30:00,13611.93,13678.33,13590.0,13618.39,53.244106
2018-01-02 07:33:00,13616.4,13627.05,13538.39,13538.41,54.069347
2018-01-02 07:36:00,13545.09,13619.8,13538.39,13591.03,36.075372
2018-01-02 07:39:00,13617.79,13638.57,13567.71,13622.92,29.025855
2018-01-02 07:42:00,13622.92,13650.0,13582.0,13582.0,32.837716
2018-01-02 07:45:00,13582.0,13630.0,13558.91,13588.0,45.888304
2018-01-02 07:48:00,13625.41,13635.76,13538.37,13572.6,41.357698
2018-01-02 07:51:00,13571.23,13585.23,13478.53,13499.94,38.858206
2018-01-02 07:54:00,13479.62,13515.64,13407.98,13503.9,72.420734
2018-01-02 07:57:00,13503.9,13537.89,13420.09,13437.17,39.632976
2018-01-02 08:00:00,13437.11,13550.0,13431.02,13499.49,25.009578
2018-01-02 08:03:00,13499.49,13549.99,13398.0,13409.51,45.617535
2018-01-02 08:06:00,13429.79,13527.56,13429.79,13471.88,27.788
2018-01-02 08:09:00,13482.01,13525.4,13451.0,13480.5,25.275532
2018-01-02 08:12:00,13480.52,13550.0,13480.5,13504.02,26.648747
2018-01-02 08:15:00,13485.44,13540.87,13480.48,13480.52,29.586779
2018-01-02 08:18:00,13480.52,13525.0,13480.48,13525.0,20.999878
2018-01-02 08:21:00,13520.0,13550.0,13499.02,13527.0,11.862235
2018-01-02 08:24:00,13525.21,13583.0,13525.2,13570.0,31.471735
2018-01-02 08:27:00,13570.0,13580.93,13520.0,13522.0,26.864448
2018-01-02 08:30:00,13520.32,13539.98,13400.0,13400.06,43.992834
2018-01-02 08:33:00,13400.98,13480.0,13362.78,13464.83,27.428154
2018-01-02 08:36:00,13450.02,13500.0,13450.0,13471.45,11.65816
2018-01-02 08:39:00,13479.15,13499.99,13450.01,13454.18,14.382961
2018-01-02 08:42:00,13450.01,13450.74,13309.0,13320.06,49.543691
2018-01-02 08:45:00,13313.36,13379.22,13309.0,13320.0,47.819817
2018-01-02 08:48:00,13320.0,13365.04,13250.0,13319.59,57.228534
2018-01-02 08:51:00,13319.6,13360.97,13243.25,13289.98,36.162
2018-01-02 08:54:00,13271.3,13333.0,13231.96,13325.65,51.210704
2018-01-02 08:57:00,13327.99,13402.59,13325.65,13400.0,45.539429
2018-01-02 09:00:00,13400.0,13448.25,13370.03,13395.19,39.476984
2018-01-02 09:03:00,13392.71,13395.19,13326.86,13336.76,36.440311
2018-01-02 09:06:00,13335.02,13435.49,13335.0,13393.98,24.012587
2018-01-02 09:09:00,13393.99,13449.76,13380.05,13410.0,25.939355
2018-01-02 09:12:00,13410.0,13421.25,13385.81,13421.25,18.847644
2018-01-02 09:15:00,13402.73,13421.62,13381.64,13409.0,18.520689
2018-01-02 09:18:00,13414.5,13447.89,13406.13,13415.0,15.873108
2018-01-02 09:21:00,13419.98,13421.04,13353.33,13400.4,50.019837
2018-01-02 09:24:00,13400.37,13400.4,13353.33,13369.99,25.949716
2018-01-02 09:27:00,13370.0,13370.0,13306.0,13353.78,26.893591
2018-01-02 09:30:00,13353.78,13360.0,13306.0,13326.68,44.00636
2018-01-02 09:33:00,13330.0,13400.1,13330.0,13369.81,44.459212
2018-01-02 09:36:00,13369.81,13393.92,13306.03,13313.03,27.559336
2018-01-02 09:39:00,13316.41,13400.41,13311.02,13374.79,34.020295
2018-01-02 09:42:00,13376.82,13467.78,13374.8,13435.74,40.120709
2018-01-02 09:45:00,13435.74,13480.84,13395.87,13395.87,33.372052
2018-01-02 09:48:00,13399.31,13407.24,13365.76,13374.94,25.969014
2018-01-02 09:51:00,13374.94,13397.55,13349.68,13354.01,29.63948
2018-01-02 09:54:00,13354.01,13430.01,13225.98,13230.01,75.799784
2018-01-02 09:57:00,13230.01,13230.01,13012.0,13047.0,101.136245
2018-01-02 10:00:00,13047.0,13080.0,12950.0,12970.06,100.688589
2018-01-02 10:03:00,12950.02,13114.12,12890.02,12968.47,124.54023
2018-01-02 10:06:00,12985.0,13130.98,12968.5,13011.62,82.275512
2018-01-02 10:09:00,13011.65,13117.45,13011.65,13097.87,44.95927
2018-01-02 10:12:00,13097.54,13097.87,13061.79,13071.0,35.738379
2018-01-02 10:15:00,13071.0,13095.0,13062.12,13086.98,22.007393
2018-01-02 10:18:00,13072.02,13146.09,13065.0,13129.98,30.010532
2018-01-02 10:21:00,13128.96,13173.19,13111.01,13150.0,34.54218
2018-01-02 10:24:00,13150.0,13200.0,13150.0,13180.99,22.578807
2018-01-02 10:27:00,13180.99,13185.0,13100.0,13127.31,38.995548
2018-01-02 10:30:00,13129.03,13184.93,13107.07,13152.2,25.511804
2018-01-02 10:33:00,13152.2,13210.0,13152.2,13195.0,44.513122
2018-01-02 10:36:00,13195.0,13240.0,13175.0,13227.98,37.253415
2018-01-02 10:39:00,13234.95,13244.99,13175.02,13181.06,32.08831
2018-01-02 10:42:00,13199.05,13219.04,13177.01,13190.28,24.76827
2018-01-02 10:45:00,13212.25,13213.05,13100.02,13123.57,39.510912
2018-01-02 10:48:00,13123.56,13200.0,13102.0,13164.47,38.485579
2018-01-02 10:51:00,13200.0,13239.09,13167.09,13238.99,26.577692
2018-01-02 10:54:00,13224.39,13224.56,13112.0,13130.02,46.716542
2018-01-02 10:57:00,13130.08,13204.01,13126.83,13176.2,25.579149
2018-01-02 11:00:00,13176.19,13198.0,13175.0,13193.97,28.284838
2018-01-02 11:03:00,13181.0,13193.95,13090.7,13127.01,35.861273
2018-01-02 11:06:00,13127.05,13160.76,13125.12,13128.11,15.763695
2018-01-02 11:09:00,13128.12,13185.0,13128.12,13183.97,29.101744
2018-01-02 11:12:00,13162.05,13208.82,13137.52,13167.87,21.331417
2018-01-02 11:15:00,13141.0,13211.71,13135.0,13159.99,29.45961
2018-01-02 11:18:00,13151.72,13214.02,13140.02,13190.0,13.376543
2018-01-02 11:21:00,13190.0,13214.02,13143.46,13190.02,22.179403
2018-01-02 11:24:00,13163.0,13188.92,13135.0,13162.0,38.896266
2018-01-02 11:27:00,13162.0,13183.01,13150.01,13166.95,24.743127
2018-01-02 11:30:00,13166.95,13187.22,13130.0,13149.97,19.452022
2018-01-02 11:33:00,13149.97,13150.0,13128.07,13150.0,15.044112
2018-01-02 11:36:00,13135.02,13147.0,13058.58,13099.89,26.850574
2018-01-02 11:39:00,13058.6,13099.89,13041.5,13063.72,23.465353
2018-01-02 11:42:00,13053.01,13090.0,13044.76,13089.98,13.272844
2018-01-02 11:45:00,13089.98,13142.83,13070.8,13119.99,9.885083
2018-01-02 11:48:00,13114.0,13159.2,13105.0,13140.33,42.210146
2018-01-02 11:51:00,13140.33,13188.67,13120.0,13178.79,24.033354
2018-01-02 11:54:00,13160.01,13179.84,13150.0,13179.84,43.427763
2018-01-02 11:57:00,13179.84,13240.0,13178.83,13220.07,57.944933
2018-01-02 12:00:00,13204.0,13285.18,13150.1,13266.63,74.025866
2018-01-02 12:03:00,13247.21,13285.16,13219.18,13270.0,58.767262
2018-01-02 12:06:00,13269.99,13270.0,13205.02,13247.32,62.501423
2018-01-02 12:09:00,13256.35,13281.09,13230.06,13249.99,39.290857
2018-01-02 12:12:00,13249.99,13300.0,13235.02,13290.2,37.924076
2018-01-02 12:15:00,13290.2,13325.21,13290.2,13300.01,35.387864
2018-01-02 12:18:00,13300.91,13338.66,13258.0,13258.05,39.88785
2018-01-02 12:21:00,13258.05,13317.87,13258.05,13265.0,34.226183
2018-01-02 12:24:00,13265.0,13293.5,13237.48,13281.4,36.072489
2018-01-02 12:27:00,13262.41,13280.0,13251.99,13255.98,28.639981
2018-01-02 12:30:00,13256.07,13276.2,13210.61,13210.61,24.361824
2018-01-02 12:33:00,13255.33,13255.33,13210.61,13239.03,15.458418
2018-01-02 12:36:00,13222.01,13255.32,13221.04,13222.41,29.573867
2018-01-02 12:39:00,13249.97,13249.98,13199.98,13213.15,36.699791
2018-01-02 12:42:00,13213.98,13213.98,13164.03,13213.94,58.622652
2018-01-02 12:45:00,13213.95,13213.98,13150.0,13185.0,36.101105
2018-01-02 12:48:00,13194.18,13230.03,13170.97,13230.03,42.216699
2018-01-02 12:51:00,13210.17,13264.93,13170.0,13234.98,23.5204
2018-01-02 12:54:00,13234.98,13264.93,13205.98,13240.0,41.993628
2018-01-02 12:57:00,13239.99,13239.99,13216.16,13235.0,39.522328
2018-01-02 13:00:00,13235.0,13264.01,13235.0,13263.01,28.148026
2018-01-02 13:03:00,13263.02,13302.73,13263.0,13290.09,36.874748
2018-01-02 13:06:00,13290.11,13302.71,13258.88,13269.0,18.971763
2018-01-02 13:09:00,13263.9,13292.36,13258.8,13289.98,17.557165
2018-01-02 13:12:00,13280.0,13332.1,13279.06,13325.31,38.172643
2018-01-02 13:15:00,13300.0,13319.35,13290.11,13291.03,40.196094
2018-01-02 13:18:00,13318.08,13345.98,13291.04,13345.98,39.311655
2018-01-02 13:21:00,13337.54,13345.98,13312.0,13340.0,35.958232
2018-01-02 13:24:00,13340.0,13344.9,13311.94,13339.95,27.215037
2018-01-02 13:27:00,13339.95,13359.98,13324.61,13343.0,35.108305
2018-01-02 13:30:00,13343.01,13350.0,13317.74,13325.33,30.80521
2018-01-02 13:33:00,13325.32,13358.88,13316.68,13355.92,23.006076
2018-01-02 13:36:00,13355.97,13398.88,13355.92,13388.85,26.838559
2018-01-02 13:39:00,13388.85,13400.0,13363.87,13382.27,31.424039
2018-01-02 13:42:00,13385.01,13400.0,13385.01,13399.94,35.26493
2018-01-02 13:45:00,13399.94,13440.0,13389.02,13410.98,54.341471
2018-01-02 13:48:00,13417.44,13439.96,13365.29,13365.29,33.51543
2018-01-02 13:51:00,13389.01,13389.01,13334.99,13368.72,54.847736
2018-01-02 13:54:00,13368.73,13389.0,13348.48,13376.11,22.457234
2018-01-02 13:57:00,13376.1,13376.1,13348.56,13350.0,42.089345
2018-01-02 14:00:00,13350.01,13379.97,13350.0,13370.0,64.926169
2018-01-02 14:03:00,13370.0,13375.05,13324.27,13354.0,22.287903
2018-01-02 14:06:00,13353.97,13364.0,13327.88,13362.0,32.568363
2018-01-02 14:09:00,13361.99,13362.88,13342.33,13360.99,24.705648
2018-01-02 14:12:00,13360.97,13361.13,13342.4,13345.06,44.176075
2018-01-02 14:15:00,13345.09,13375.06,13342.43,13355.01,60.327977
2018-01-02 14:18:00,13355.02,13375.06,13345.04,13368.45,21.206362
2018-01-02 14:21:00,13368.42,13368.42,13325.0,13345.0,47.044311
2018-01-02 14:24:00,13345.0,13345.0,13302.59,13320.0,43.3523
2018-01-02 14:27:00,13320.0,13343.49,13307.07,13326.09,30.458525
2018-01-02 14:30:00,13342.97,13400.0,13326.1,13395.41,31.977975
2018-01-02 14:33:00,13395.4,13447.87,13395.4,13409.03,48.785989
2018-01-02 14:36:00,13409.75,13495.9,13409.03,13484.48,35.876548
2018-01-02 14:39:00,13479.23,13518.68,13456.36,13494.91,22.591944
2018-01-02 14:42:00,13494.91,13500.0,13461.39,13480.0,28.117145
2018-01-02 14:45:00,13486.7,13499.99,13456.37,13485.0,32.515601
2018-01-02 14:48:00,13484.99,13494.2,13422.4,13483.99,37.452811
2018-01-02 14:51:00,13445.31,13483.99,13370.03,13400.0,39.033456
2018-01-02 14:54:00,13381.1,13462.26,13381.06,13444.93,26.812552
2018-01-02 14:57:00,13440.0,13490.58,13423.37,13451.06,15.161657
2018-01-02 15:00:00,13451.95,13492.66,13451.95,13492.0,4.106326
2018-01-02 15:03:00,13492.0,13499.98,13447.99,13475.0,27.58097
2018-01-02 15:06:00,13459.02,13474.0,13410.06,13423.32,20.803276
2018-01-02 15:09:00,13410.05,13423.3,13379.3,13404.94,34.865172
2018-01-02 15:12:00,13404.94,13457.99,13400.94,13450.49,25.340166
2018-01-02 15:15:00,13450.49,13464.56,13429.17,13431.31,11.341729
2018-01-02 15:18:00,13444.83,13495.0,13366.8,13442.04,17.249817
2018-01-02 15:21:00,13453.11,13490.31,13430.0,13472.07,14.82256
2018-01-02 15:24:00,13470.36,13523.46,13436.9,13450.02,20.317609
2018-01-02 15:27:00,13466.44,13466.45,13450.0,13452.0,16.789467
2018-01-02 15:30:00,13460.0,13549.94,13451.49,13539.98,46.822397
2018-01-02 15:33:00,13539.98,13550.0,13500.0,13513.0,22.13774
2018-01-02 15:36:00,13513.0,13530.0,13401.6,13525.79,24.311133
2018-01-02 15:39:00,13527.9,13548.03,13525.79,13548.03,36.827242
2018-01-02 15:42:00,13539.04,13554.0,13507.0,13539.87,41.850952
2018-01-02 15:45:00,13539.0,13549.0,13527.0,13527.01,30.059409
2018-01-02 15:48:00,13533.44,13540.01,13527.01,13530.01,45.665445
2018-01-02 15:51:00,13530.02,13540.0,13520.0,13530.09,35.079961
2018-01-02 15:54:00,13531.02,13539.97,13520.05,13537.92,33.25322
2018-01-02 15:57:00,13537.0,13539.95,13520.0,13520.01,28.890762
2018-01-02 16:00:00,13520.01,13530.0,13475.42,13499.88,28.405366
2018-01-02 16:03:00,13499.89,13550.98,13495.01,13537.62,29.128428
2018-01-02 16:06:00,13554.8,13569.99,13546.95,13558.76,27.845952
2018-01-02 16:09:00,13561.0,13580.0,13555.0,13570.01,36.669037
2018-01-02 16:12:00,13570.0,13587.99,13528.26,13559.99,50.32718
2018-01-02 16:15:00,13542.0,13560.0,13531.41,13536.46,33.502129
2018-01-02 16:18:00,13549.4,13560.0,13500.21,13555.01,27.797208
2018-01-02 16:21:00,13557.0,13609.0,13555.0,13593.38,29.546416
2018-01-02 16:24:00,13602.35,13617.28,13580.0,13600.0,31.806655
2018-01-02 16:27:00,13588.83,13600.0,13542.78,13560.0,14.527959
2018-01-02 16:30:00,13566.5,13573.0,13530.21,13530.21,53.487733
2018-01-02 16:33:00,13531.0,13531.0,13480.0,13500.0,31.841035
2018-01-02 16:36:00,13510.0,13542.79,13500.0,13508.95,36.420304
2018-01-02 16:39:00,13500.0,13529.98,13500.0,13510.0,32.965987
2018-01-02 16:42:00,13502.0,13541.91,13500.0,13500.01,59.243176
2018-01-02 16:45:00,13512.89,13538.04,13500.0,13500.0,32.92936
2018-01-02 16:48:00,13500.0,13527.99,13500.0,13502.0,25.396527
2018-01-02 16:51:00,13502.01,13514.69,13475.26,13477.59,54.133662
2018-01-02 16:54:00,13477.59,13514.99,13477.58,13502.5,26.611776
2018-01-02 16:57:00,13508.74,13533.03,13502.61,13503.8,18.054681
2018-01-02 17:00:00,13506.9,13510.0,13476.0,13482.71,22.159976
2018-01-02 17:03:00,13476.01,13499.0,13433.0,13440.71,41.859752
2018-01-02 17:06:00,13469.86,13482.69,13401.05,13419.6,19.798368
2018-01-02 17:09:00,13408.13,13449.78,13408.13,13430.71,25.341882
2018-01-02 17:12:00,13427.89,13430.71,13409.48,13420.0,48.895227
2018-01-02 17:15:00,13414.74,13485.55,13408.53,13485.52,49.83537
2018-01-02 17:18:00,13474.81,13499.0,13455.0,13459.73,30.984419
2018-01-02 17:21:00,13459.73,13499.0,13459.72,13475.86,23.71251
2018-01-02 17:24:00,13480.85,13497.45,13475.88,13497.0,20.499896
2018-01-02 17:27:00,13488.42,13497.99,13475.85,13490.0,30.370009
2018-01-02 17:30:00,13490.0,13538.07,13480.01,13518.01,36.011792
2018-01-02 17:33:00,13520.0,13550.08,13520.0,13536.99,31.735999
2018-01-02 17:36:00,13550.0,13577.64,13536.99,13575.0,22.71522
2018-01-02 17:39:00,13571.41,13586.9,13531.57,13586.9,31.470488
2018-01-02 17:42:00,13586.9,13589.0,13550.98,13550.98,33.605394
2018-01-02 17:45:00,13550.98,13580.0,13541.77,13548.99,17.994305
2018-01-02 17:48:00,13548.01,13561.99,13517.44,13544.95,30.456595
2018-01-02 17:51:00,13537.49,13555.94,13517.44,13540.0,16.625901
2018-01-02 17:54:00,13554.99,13590.0,13538.3,13560.09,35.385141
2018-01-02 17:57:00,13560.11,13585.81,13560.11,13566.28,24.290916
2018-01-02 18:00:00,13576.99,13588.98,13555.03,13555.07,49.762867
2018-01-02 18:03:00,13556.99,13580.0,13549.4,13551.6,23.454573
2018-01-02 18:06:00,13550.5,13550.5,13517.44,13529.99,25.428988
2018-01-02 18:09:00,13520.98,13537.0,13502.0,13502.0,49.367571
2018-01-02 18:12:00,13510.0,13510.0,13500.1,13509.0,48.558269
2018-01-02 18:15:00,13507.01,13537.0,13507.01,13510.42,39.783344
2018-01-02 18:18:00,13518.25,13518.25,13450.46,13490.0,47.345957
2018-01-02 18:21:00,13489.99,13490.0,13460.6,13488.95,25.177535
2018-01-02 18:24:00,13488.95,13509.0,13475.01,13507.79,34.030922
2018-01-02 18:27:00,13479.31,13513.26,13479.31,13489.04,48.004166
2018-01-02 18:30:00,13489.04,13518.29,13470.41,13493.2,44.025055
2018-01-02 18:33:00,13493.2,13524.64,13471.2,13496.12,45.929131
2018-01-02 18:36:00,13524.63,13687.94,13511.74,13652.01,69.655808
2018-01-02 18:39:00,13651.54,13750.0,13630.12,13750.0,67.180529
2018-01-02 18:42:00,13745.0,13757.22,13702.59,13712.14,50.197387
2018-01-02 18:45:00,13729.97,13729.98,13653.0,13655.07,67.427807
2018-01-02 18:48:00,13669.86,13710.0,13620.0,13660.1,59.901799
2018-01-02 18:51:00,13660.1,13669.94,13620.0,13629.45,45.317728
2018-01-02 18:54:00,13629.45,13647.0,13553.0,13629.97,61.622259
2018-01-02 18:57:00,13629.99,13700.0,13600.0,13680.0,66.094033
2018-01-02 19:00:00,13680.0,13705.81,13630.0,13690.99,32.498757
2018-01-02 19:03:00,13680.01,13748.67,13650.0,13748.67,26.830892
2018-01-02 19:06:00,13748.67,13750.0,13700.05,13720.0,44.420157
2018-01-02 19:09:00,13700.25,13799.0,13700.2,13753.47,56.026375
2018-01-02 19:12:00,13753.47,13822.05,13753.47,13815.01,60.443802
2018-01-02 19:15:00,13815.01,13820.0,13755.34,13800.0,48.26998
2018-01-02 19:18:00,13799.39,13820.01,13770.82,13805.01,44.05258
2018-01-02 19:21:00,13805.0,13848.99,13797.85,13829.98,45.796513
2018-01-02 19:24:00,13829.97,13875.0,13806.86,13866.0,63.184984
2018-01-02 19:27:00,13866.0,13870.01,13806.86,13864.98,37.960754
2018-01-02 19:30:00,13864.95,13894.86,13850.0,13894.86,32.215474
2018-01-02 19:33:00,13864.04,13894.86,13810.65,13824.99,42.934301
2018-01-02 19:36:00,13824.98,13848.01,13791.0,13800.05,44.750148
2018-01-02 19:39:00,13800.06,13823.01,13798.0,13802.05,24.707116
2018-01-02 19:42:00,13802.05,13802.05,13695.0,13717.76,44.85783
2018-01-02 19:45:00,13741.1,13763.09,13681.67,13700.0,51.441541
2018-01-02 19:48:00,13681.67,13723.99,13649.92,13723.99,41.211598
2018-01-02 19:51:00,13720.0,13756.9,13706.65,13745.99,34.299019
2018-01-02 19:54:00,13727.39,13749.99,13727.33,13730.09,23.288516
2018-01-02 19:57:00,13730.08,13798.96,13730.07,13760.0,35.315905
2018-01-02 20:00:00,13760.0,13779.99,13740.0,13764.97,22.870229
2018-01-02 20:03:00,13750.0,13790.0,13743.0,13758.0,37.281898
2018-01-02 20:06:00,13758.0,13775.0,13749.92,13757.97,49.944284
2018-01-02 20:09:00,13757.96,13758.0,13730.0,13736.38,30.189907
2018-01-02 20:12:00,13749.99,13757.9,13700.0,13730.0,32.337926
2018-01-02 20:15:00,13730.0,13730.0,13680.03,13694.11,34.670812
2018-01-02 20:18:00,13701.98,13750.0,13645.0,13656.19,39.818626
2018-01-02 20:21:00,13656.2,13678.23,13643.99,13645.0,30.718577
2018-01-02 20:24:00,13645.0,13677.21,13630.0,13676.51,22.30761
2018-01-02 20:27:00,13676.51,13680.0,13641.53,13664.4,30.01941
2018-01-02 20:30:00,13661.21,13697.0,13652.01,13696.91,31.979595
2018-01-02 20:33:00,13681.46,13739.89,13664.14,13693.29,33.058977
2018-01-02 20:36:00,13693.29,13700.0,13669.98,13680.04,32.217814
2018-01-02 20:39:00,13680.03,13713.98,13669.99,13670.0,44.904687
2018-01-02 20:42:00,13697.33,13712.0,13669.99,13670.03,52.970803
2018-01-02 20:45:00,13678.0,13687.99,13603.0,13623.04,76.554339
2018-01-02 20:48:00,13613.0,13650.0,13560.91,13590.0,35.318467
2018-01-02 20:51:00,13572.03,13621.36,13550.0,13570.94,51.170627
2018-01-02 20:54:00,13552.05,13598.85,13538.74,13589.95,33.829584
2018-01-02 20:57:00,13589.95,13644.82,13589.0,13589.0,60.666519
2018-01-02 21:00:00,13591.01,13608.98,13535.0,13548.01,43.544977
2018-01-02 21:03:00,13548.01,13574.71,13510.0,13549.99,45.985867
2018-01-02 21:06:00,13549.99,13575.01,13549.99,13575.01,62.576051
2018-01-02 21:09:00,13575.01,13608.97,13574.72,13608.97,61.042363
2018-01-02 21:12:00,13608.97,13608.98,13561.06,13608.95,37.453448
2018-01-02 21:15:00,13597.65,13625.34,13582.59,13617.71,34.178883
2018-01-02 21:18:00,13617.7,13674.26,13617.7,13662.04,34.998421
2018-01-02 21:21:00,13659.98,13730.0,13651.93,13730.0,68.130031
2018-01-02 21:24:00,13730.0,13738.0,13680.0,13680.99,48.448902
2018-01-02 21:27:00,13680.11,13704.97,13680.1,13690.03,63.626153
2018-01-02 21:30:00,13690.02,13748.01,13684.02,13730.07,54.927651
2018-01-02 21:33:00,13730.07,13776.0,13725.83,13774.99,48.040204
2018-01-02 21:36:00,13775.0,13783.98,13715.87,13730.0,47.293864
2018-01-02 21:39:00,13730.06,13793.0,13730.0,13751.63,38.575676
2018-01-02 21:42:00,13751.66,13800.0,13751.62,13768.0,39.770752
2018-01-02 21:45:00,13784.91,13809.0,13769.59,13809.0,66.011615
2018-01-02 21:48:00,13809.0,13840.0,13801.02,13838.86,63.816828
2018-01-02 21:51:00,13832.01,13842.88,13792.01,13810.0,53.031077
2018-01-02 21:54:00,13794.2,13840.0,13794.02,13837.99,64.527181
2018-01-02 21:57:00,13838.0,13839.04,13784.95,13807.99,44.195259
2018-01-02 22:00:00,13807.99,13824.18,13784.95,13811.53,67.516941
2018-01-02 22:03:00,13790.02,13811.53,13760.01,13770.0,51.893448
2018-01-02 22:06:00,13760.06,13770.0,13725.02,13761.07,61.392922
2018-01-02 22:09:00,13761.04,13761.04,13690.0,13715.99,28.536843
2018-01-02 22:12:00,13715.0,13727.26,13684.02,13690.02,33.617069
2018-01-02 22:15:00,13711.0,13711.0,13667.7,13698.98,38.962697
2018-01-02 22:18:00,13698.99,13749.0,13685.0,13723.23,48.102464
2018-01-02 22:21:00,13716.15,13728.43,13681.0,13705.0,37.034889
2018-01-02 22:24:00,13700.02,13724.99,13640.0,13640.0,81.00395
2018-01-02 22:27:00,13640.0,13669.46,13584.99,13590.02,52.605426
2018-01-02 22:30:00,13599.99,13650.0,13584.0,13644.0,49.760842
2018-01-02 22:33:00,13643.97,13725.0,13619.24,13660.0,42.310095
2018-01-02 22:36:00,13660.04,13698.97,13620.0,13644.0,60.718238
2018-01-02 22:39:00,13643.99,13650.0,13611.98,13623.11,37.406223
2018-01-02 22:42:00,13635.96,13679.26,13630.02,13679.24,69.698301
2018-01-02 22:45:00,13679.24,13714.0,13647.89,13711.09,27.998738
2018-01-02 22:48:00,13712.0,13724.97,13711.09,13719.0,39.278629
2018-01-02 22:51:00,13719.05,13720.01,13682.98,13704.4,49.348927
2018-01-02 22:54:00,13710.0,13729.22,13705.0,13724.01,54.405457
2018-01-02 22:57:00,13724.98,13793.0,13717.99,13768.02,59.355678
2018-01-02 23:00:00,13785.17,13795.0,13741.0,13746.22,58.761389
2018-01-02 23:03:00,13743.74,13751.62,13719.86,13732.06,46.47145
2018-01-02 23:06:00,13732.06,13734.99,13693.23,13700.02,35.871142
2018-01-02 23:09:00,13700.01,13700.02,13503.0,13670.14,42.366786
2018-01-02 23:12:00,13688.0,13700.02,13670.15,13697.0,31.716922
2018-01-02 23:15:00,13697.0,13699.99,13690.0,13699.93,37.042385
2018-01-02 23:18:00,13699.92,13711.0,13695.0,13700.01,11.718977
2018-01-02 23:21:00,13698.01,13705.0,13695.0,13704.98,16.216884
2018-01-02 23:24:00,13704.97,13723.93,13695.0,13723.92,22.111156
2018-01-02 23:27:00,13723.92,13799.65,13716.28,13780.0,24.942886
2018-01-02 23:30:00,13789.98,13799.0,13755.43,13797.74,55.319677
2018-01-02 23:33:00,13797.74,13879.0,13790.01,13878.99,47.112136
2018-01-02 23:36:00,13859.23,13980.99,13859.23,13938.0,75.221251
2018-01-02 23:39:00,13938.0,13999.0,13933.0,13999.0,62.970954
2018-01-02 23:42:00,13999.0,14067.99,13967.98,14024.99,96.887785
2018-01-02 23:45:00,14005.01,14067.99,13900.04,13965.17,62.532724
2018-01-02 23:48:00,13982.08,14074.64,13957.23,14054.99,41.620288
2018-01-02 23:51:00,14035.88,14150.0,14004.68,14140.0,80.775426
2018-01-02 23:54:00,14140.0,14280.3,14123.25,14270.43,83.197376
2018-01-02 23:57:00,14270.43,14388.88,14257.0,14370.0,75.649728
2018-01-03 00:00:00,14370.02,14502.0,14370.01,14502.0,98.730019
2018-01-03 00:03:00,14501.0,14635.0,14500.0,14635.0,64.887101
2018-01-03 00:06:00,14620.02,14649.0,14500.0,14562.01,137.475936
2018-01-03 00:09:00,14549.0,14650.0,14531.5,14650.0,68.542719
2018-01-03 00:12:00,14640.56,14700.0,14640.56,14682.93,112.801176
2018-01-03 00:15:00,14682.92,14750.0,14560.99,14661.99,107.182348
2018-01-03 00:18:00,14650.0,14738.25,14270.43,14505.0,107.932604
2018-01-03 00:21:00,14455.8,14542.89,14412.62,14525.18,102.573822
2018-01-03 00:24:00,14534.79,14589.85,14500.97,14560.78,49.583102
2018-01-03 00:27:00,14559.97,14647.01,14556.74,14580.0,42.607378
2018-01-03 00:30:00,14576.87,14600.0,14480.0,14535.62,56.541173
2018-01-03 00:33:00,14535.62,14549.99,14501.0,14548.0,35.992429
2018-01-03 00:36:00,14548.0,14640.52,14540.02,14629.98,38.315787
2018-01-03 00:39:00,14629.98,14800.0,14600.01,14800.0,62.854318
2018-01-03 00:42:00,14800.0,14935.69,14800.0,14930.0,79.283667
2018-01-03 00:45:00,14930.0,14996.0,14873.19,14980.01,69.541972
2018-01-03 00:48:00,14996.0,15200.01,14980.0,15090.0,117.014391
2018-01-03 00:51:00,15090.0,15444.06,15082.0,15444.06,86.647091
2018-01-03 00:54:00,15425.52,15473.49,15080.0,15270.66,148.442679
2018-01-03 00:57:00,15250.02,15298.64,15099.02,15100.0,85.168719
2018-01-03 01:00:00,15100.0,15187.94,14760.0,14849.98,143.77304
2018-01-03 01:03:00,14850.0,14855.95,14766.16,14766.25,98.40505
2018-01-03 01:06:00,14766.25,14997.03,14680.0,14995.59,122.102893
2018-01-03 01:09:00,14995.59,15107.82,14995.59,15054.95,135.683779
2018-01-03 01:12:00,15054.95,15067.66,14711.0,14900.0,92.330938
2018-01-03 01:15:00,14900.0,14919.77,14750.0,14800.0,57.076402
2018-01-03 01:18:00,14784.95,14900.0,14762.9,14833.82,38.083876
2018-01-03 01:21:00,14833.82,14833.82,14664.0,14675.58,91.614986
2018-01-03 01:24:00,14675.56,14775.83,14649.5,14750.03,74.442504
2018-01-03 01:27:00,14750.03,14775.83,14676.0,14732.75,44.996378
2018-01-03 01:30:00,14710.02,14931.0,14710.0,14930.98,53.524824
2018-01-03 01:33:00,14930.98,14931.0,14839.96,14912.37,47.080827
2018-01-03 01:36:00,14883.06,14920.01,14864.62,14912.0,60.296355
2018-01-03 01:39:00,14912.0,15054.94,14887.73,15054.93,64.741675
2018-01-03 01:42:00,15054.93,15160.31,15049.98,15059.94,74.451532
2018-01-03 01:45:00,15059.94,15073.47,14878.21,14999.99,99.782344
2018-01-03 01:48:00,14999.99,15047.99,14948.3,15047.99,56.391742
2018-01-03 01:51:00,15007.58,15108.6,15007.58,15078.04,44.969458
2018-01-03 01:54:00,15076.0,15150.0,15062.0,15137.97,50.473829
2018-01-03 01:57:00,15139.99,15139.99,15017.61,15113.09,66.802093
2018-01-03 02:00:00,15113.09,15113.09,14903.0,15025.47,56.367188
2018-01-03 02:03:00,15025.47,15045.89,14918.8,14997.98,56.368975
2018-01-03 02:06:00,14997.92,15050.48,14970.22,15000.1,56.863877
2018-01-03 02:09:00,15000.1,15002.98,14918.85,14936.06,61.476725
2018-01-03 02:12:00,14936.06,15000.0,14922.02,14955.01,50.898595
2018-01-03 02:15:00,14973.97,14975.0,14930.04,14950.0,41.2407
2018-01-03 02:18:00,14972.6,14973.84,14902.98,14947.99,42.668024
2018-01-03 02:21:00,14947.99,14955.0,14803.35,14833.0,42.677332
2018-01-03 02:24:00,14818.22,14875.43,14723.86,14780.0,70.022832
2018-01-03 02:27:00,14799.95,14800.0,14723.02,14751.0,53.429565
2018-01-03 02:30:00,14751.0,14944.99,14751.0,14940.01,46.101335
2018-01-03 02:33:00,14940.0,14940.0,14832.28,14870.82,44.593906
2018-01-03 02:36:00,14864.42,14940.0,14855.01,14913.96,21.809898
2018-01-03 02:39:00,14913.96,14940.0,14880.71,14915.01,20.77644
2018-01-03 02:42:00,14880.77,14920.8,14870.92,14919.99,37.508273
2018-01-03 02:45:00,14919.99,14920.0,14784.86,14791.03,43.519394
2018-01-03 02:48:00,14792.37,14816.6,14786.82,14790.06,38.677772
2018-01-03 02:51:00,14790.05,14799.98,14753.98,14776.05,39.883038
2018-01-03 02:54:00,14776.05,14789.96,14707.55,14728.7,54.729366
2018-01-03 02:57:00,14707.56,14728.67,14551.03,14600.0,77.583875
2018-01-03 03:00:00,14600.01,14701.62,14571.91,14660.0,60.32614
2018-01-03 03:03:00,14630.03,14680.0,14630.0,14656.55,37.360305
2018-01-03 03:06:00,14656.55,14725.09,14656.4,14674.97,62.535237
2018-01-03 03:09:00,14667.98,14674.97,14620.3,14647.75,45.345407
2018-01-03 03:12:00,14647.76,14681.05,14624.18,14634.97,48.51119
2018-01-03 03:15:00,14634.97,14749.65,14544.0,14749.65,55.23993
2018-01-03 03:18:00,14723.95,14750.0,14701.1,14750.0,49.1167
2018-01-03 03:21:00,14750.0,14755.0,14678.01,14682.11,49.584643
2018-01-03 03:24:00,14718.12,14718.12,14656.56,14669.97,35.020659
2018-01-03 03:27:00,14669.98,14700.0,14661.06,14692.4,38.620313
2018-01-03 03:30:00,14700.0,14848.99,14685.01,14806.08,37.395625
2018-01-03 03:33:00,14806.08,14834.84,14763.25,14775.31,42.680379
2018-01-03 03:36:00,14799.98,14810.0,14772.1,14800.0,32.115524
2018-01-03 03:39:00,14794.63,14862.12,14794.63,14860.01,32.98048
2018-01-03 03:42:00,14860.0,14897.71,14853.01,14897.71,40.659295
2018-01-03 03:45:00,14897.71,14916.97,14885.01,14906.02,43.304762
2018-01-03 03:48:00,14906.02,14906.02,14880.03,14885.04,34.887261
2018-01-03 03:51:00,14899.0,14958.87,14880.11,14958.15,62.659345
2018-01-03 03:54:00,14950.0,15025.0,14950.0,14961.42,49.969379
2018-01-03 03:57:00,14961.42,14999.97,14850.0,14924.93,38.649086
2018-01-03 04:00:00,14902.57,14925.0,14760.03,14760.24,55.016969
2018-01-03 04:03:00,14762.71,14799.0,14759.99,14779.0,62.191149
2018-01-03 04:06:00,14779.0,14790.0,14760.02,14779.01,24.396388
2018-01-03 04:09:00,14779.01,14795.0,14735.01,14774.89,41.776438
2018-01-03 04:12:00,14774.86,14795.0,14730.01,14754.83,38.932688
2018-01-03 04:15:00,14769.96,14794.5,14750.82,14785.46,43.361756
2018-01-03 04:18:00,14770.03,14848.0,14770.03,14830.0,51.109066
2018-01-03 04:21:00,14847.98,14853.9,14821.01,14850.02,29.107512
2018-01-03 04:24:00,14851.0,14859.0,14806.85,14811.0,32.833446
2018-01-03 04:27:00,14811.0,14839.0,14778.12,14799.96,64.158725
2018-01-03 04:30:00,14799.97,14850.0,14799.96,14823.0,30.125329
2018-01-03 04:33:00,14810.0,14866.51,14790.11,14807.99,56.743467
2018-01-03 04:36:00,14807.98,14807.99,14739.99,14754.77,24.433242
2018-01-03 04:39:00,14754.76,14754.76,14694.51,14709.82,46.333823
2018-01-03 04:42:00,14709.99,14744.76,14700.0,14710.0,21.248371
2018-01-03 04:45:00,14719.99,14720.0,14682.0,14698.98,54.561976
2018-01-03 04:48:00,14698.98,14700.0,14651.2,14653.14,41.629709
2018-01-03 04:51:00,14653.14,14714.15,14600.0,14714.12,30.443435
2018-01-03 04:54:00,14670.02,14719.99,14670.02,14719.99,43.169159
2018-01-03 04:57:00,14722.0,14759.99,14696.42,14717.02,42.73355
2018-01-03 05:00:00,14717.02,14745.05,14682.0,14682.95,58.878806
2018-01-03 05:03:00,14682.95,14698.47,14640.01,14650.0,26.445081
2018-01-03 05:06:00,14664.63,14719.91,14632.04,14669.74,30.052868
2018-01-03 05:09:00,14669.44,14700.0,14617.19,14687.16,35.109796
2018-01-03 05:12:00,14687.16,14776.65,14671.39,14735.0,39.093334
2018-01-03 05:15:00,14753.17,14868.0,14735.0,14867.99,27.798233
2018-01-03 05:18:00,14867.99,14887.08,14708.46,14786.03,26.29393
2018-01-03 05:21:00,14799.95,14799.99,14751.96,14755.09,51.375538
2018-01-03 05:24:00,14755.09,14769.94,14678.72,14703.0,35.180898
2018-01-03 05:27:00,14701.98,14730.32,14675.11,14675.11,42.699336
2018-01-03 05:30:00,14690.0,14726.73,14675.11,14710.93,19.496567
2018-01-03 05:33:00,14710.94,14743.98,14689.0,14698.52,24.538692
2018-01-03 05:36:00,14698.51,14755.08,14687.73,14755.03,18.367472
2018-01-03 05:39:00,14740.02,14773.0,14725.01,14772.99,30.992343
2018-01-03 05:42:00,14772.97,14772.97,14709.11,14750.01,33.054862
2018-01-03 05:45:00,14750.01,14849.82,14747.19,14840.0,26.944452
2018-01-03 05:48:00,14840.0,14926.12,14840.0,14926.0,30.973765
2018-01-03 05:51:00,14920.36,14926.22,14660.0,14850.0,54.868786
2018-01-03 05:54:00,14853.98,14880.69,14817.43,14862.47,33.694614
2018-01-03 05:57:00,14850.0,14860.0,14825.0,14835.99,34.167481
2018-01-03 06:00:00,14834.58,14859.63,14829.13,14833.01,26.166448
2018-01-03 06:03:00,14833.0,14835.97,14827.07,14833.02,32.396118
2018-01-03 06:06:00,14833.92,14862.32,14833.91,14858.0,48.201482
2018-01-03 06:09:00,14858.0,14899.98,14756.67,14785.76,48.673968
2018-01-03 06:12:00,14785.76,14801.1,14727.64,14750.05,27.497134
2018-01-03 06:15:00,14763.21,14798.64,14730.01,14750.0,27.586261
2018-01-03 06:18:00,14745.03,14777.68,14708.2,14726.96,30.067134
2018-01-03 06:21:00,14726.96,14749.93,14699.76,14704.99,27.11182
2018-01-03 06:24:00,14705.0,14750.0,14670.0,14750.0,52.621496
2018-01-03 06:27:00,14742.01,14776.95,14740.0,14774.53,34.047721
2018-01-03 06:30:00,14758.01,14778.0,14754.68,14776.96,66.784444
2018-01-03 06:33:00,14776.96,14780.0,14720.0,14750.0,30.901492
2018-01-03 06:36:00,14750.0,14758.0,14726.0,14755.0,29.137227
2018-01-03 06:39:00,14755.0,14824.09,14755.0,14799.0,46.703595
2018-01-03 06:42:00,14799.0,14853.53,14721.0,14816.99,73.397257
2018-01-03 06:45:00,14780.12,14838.96,14764.37,14764.45,37.221
2018-01-03 06:48:00,14814.28,14814.3,14726.85,14760.0,49.796016
2018-01-03 06:51:00,14765.0,14770.06,14700.92,14705.0,35.84652
2018-01-03 06:54:00,14722.89,14750.28,14689.99,14706.75,55.575599
2018-01-03 06:57:00,14706.75,14749.22,14700.0,14709.54,20.955101
2018-01-03 07:00:00,14700.0,14729.99,14660.0,14679.98,14.297568
2018-01-03 07:03:00,14679.96,14700.05,14660.0,14680.01,35.80703
2018-01-03 07:06:00,14698.0,14720.0,14670.0,14700.0,34.66268
2018-01-03 07:09:00,14700.0,14767.37,14700.0,14741.35,32.414868
2018-01-03 07:12:00,14754.0,14772.99,14740.08,14770.0,29.568318
2018-01-03 07:15:00,14779.0,14805.0,14760.4,14803.98,27.935939
2018-01-03 07:18:00,14803.99,14820.0,14803.99,14813.98,53.165104
2018-01-03 07:21:00,14813.99,14820.0,14804.24,14819.0,47.818458
2018-01-03 07:24:00,14818.92,14819.0,14806.25,14819.0,46.834202
2018-01-03 07:27:00,14819.0,14849.0,14809.95,14820.0,19.495096
2018-01-03 07:30:00,14847.97,14847.97,14775.07,14791.0,34.614758
2018-01-03 07:33:00,14804.89,14805.0,14780.06,14782.01,26.361348
2018-01-03 07:36:00,14800.09,14804.99,14770.1,14789.98,20.33195
2018-01-03 07:39:00,14789.97,14789.98,14766.38,14766.38,47.554204
2018-01-03 07:42:00,14770.0,14771.34,14744.99,14759.0,23.820281
2018-01-03 07:45:00,14760.0,14798.0,14750.16,14784.99,33.712524
2018-01-03 07:48:00,14784.99,14809.5,14781.01,14809.5,30.537547
2018-01-03 07:51:00,14810.0,14829.06,14799.87,14800.19,16.047366
2018-01-03 07:54:00,14800.19,14838.4,14800.0,14800.05,48.255859
2018-01-03 07:57:00,14831.97,14863.95,14810.0,14837.17,20.129503
2018-01-03 08:00:00,14861.99,14869.0,14812.0,14839.51,42.269822
2018-01-03 08:03:00,14839.51,14839.57,14793.7,14793.7,31.404748
2018-01-03 08:06:00,14793.7,14820.0,14772.04,14816.41,38.711179
2018-01-03 08:09:00,14816.41,14849.94,14815.0,14849.94,56.343741
2018-01-03 08:12:00,14842.01,15000.04,14838.99,14988.89,68.849644
2018-01-03 08:15:00,14970.01,15112.86,14947.44,15060.39,53.589891
2018-01-03 08:18:00,15095.79,15095.79,15009.01,15027.97,59.916469
2018-01-03 08:21:00,15027.97,15119.9,14970.0,15119.9,38.458271
2018-01-03 08:24:00,15091.06,15119.9,14995.77,15025.0,63.807405
2018-01-03 08:27:00,15025.0,15041.0,14974.02,15008.07,68.142342
2018-01-03 08:30:00,15008.07,15025.0,14977.01,14990.02,42.963526
2018-01-03 08:33:00,14990.03,15030.04,14990.01,15030.04,39.967122
2018-01-03 08:36:00,15030.04,15101.01,15011.09,15069.0,34.774579
